ID,Name,PhotoUrl
475491498,Minnie Ward,https://randomuser.me/api/portraits/women/5.jpg
491919068,Wade Bradley,https://randomuser.me/api/portraits/men/46.jpg
606294838,Armando Torres,https://randomuser.me/api/portraits/men/30.jpg
659571188,Amanda Myers,https://randomuser.me/api/portraits/women/66.jpg
343982158,Ruby Fleming,https://randomuser.me/api/portraits/women/31.jpg
214572908,Georgia Scott,https://randomuser.me/api/portraits/women/88.jpg
78215455,Mia Barrett,https://randomuser.me/api/portraits/women/72.jpg
602449315,Kim Ellis,https://randomuser.me/api/portraits/women/37.jpg
349702030,Elmer Hunt,https://randomuser.me/api/portraits/men/27.jpg
741178763,Cherly Sutton,https://randomuser.me/api/portraits/women/16.jpg
